{"cameraMode":{"drawMode":0,"name":"Shaded","section":"Shading Mode"},"sceneLighting":true,"audioPlay":false,"sceneViewState":{"showFog":true,"showMaterialUpdate":false,"showSkybox":true,"showFlares":true,"showImageEffects":true,"showParticleSystems":true},"in2DMode":false,"pivot":{"x":-435.1099548339844,"y":8.581320762634278,"z":368.4775695800781},"rotation":{"x":-0.034596025943756106,"y":-0.9480987191200256,"z":0.11025656759738922,"w":-0.29641231894493105},"size":58.4687385559082,"orthographic":false}
