{"cameraMode":{"drawMode":0,"name":"Shaded","section":"Shading Mode"},"sceneLighting":false,"audioPlay":false,"sceneViewState":{"showFog":true,"showMaterialUpdate":false,"showSkybox":false,"showFlares":true,"showImageEffects":true,"showParticleSystems":true},"in2DMode":false,"pivot":{"x":-3.5,"y":0.000004649162292480469,"z":-19.500003814697267},"rotation":{"x":0.135378897190094,"y":0.12124991416931153,"z":-0.016577819362282754,"w":0.9832595586776733},"size":93.42556762695313,"orthographic":false}