{"cameraMode":{"drawMode":0,"name":"Shaded","section":"Shading Mode"},"sceneLighting":true,"audioPlay":false,"sceneViewState":{"showFog":true,"showMaterialUpdate":false,"showSkybox":true,"showFlares":true,"showImageEffects":true,"showParticleSystems":true},"in2DMode":false,"pivot":{"x":-434.9201354980469,"y":13.1800537109375,"z":379.5744934082031},"rotation":{"x":0.044161807745695117,"y":0.8516665697097778,"z":0.07272985577583313,"w":-0.517134428024292},"size":23.014324188232423,"orthographic":false}