{"cameraMode":{"drawMode":0,"name":"Shaded","section":"Shading Mode"},"sceneLighting":true,"audioPlay":false,"sceneViewState":{"showFog":true,"showMaterialUpdate":false,"showSkybox":true,"showFlares":true,"showImageEffects":true,"showParticleSystems":true},"in2DMode":false,"pivot":{"x":718.3757934570313,"y":156.48828125,"z":0.0},"rotation":{"x":0.10810279846191406,"y":0.0011858876096084715,"z":0.000003636705514509231,"w":0.9941875338554382},"size":1143.70556640625,"orthographic":false}