{"cameraMode":{"drawMode":0,"name":"Shaded","section":"Shading Mode"},"sceneLighting":true,"audioPlay":false,"sceneViewState":{"showFog":true,"showMaterialUpdate":false,"showSkybox":true,"showFlares":true,"showImageEffects":true,"showParticleSystems":true},"in2DMode":false,"pivot":{"x":432.9847106933594,"y":-80.67081451416016,"z":356.8059997558594},"rotation":{"x":0.24610795080661775,"y":0.6312837600708008,"z":-0.22153419256210328,"w":0.7013092637062073},"size":745.519775390625,"orthographic":false}