{"cameraMode":{"drawMode":0,"name":"Shaded","section":"Shading Mode"},"sceneLighting":true,"audioPlay":false,"sceneViewState":{"showFog":true,"showMaterialUpdate":false,"showSkybox":true,"showFlares":true,"showImageEffects":true,"showParticleSystems":true},"in2DMode":false,"pivot":{"x":-435.1099548339844,"y":8.581320762634278,"z":368.4775695800781},"rotation":{"x":0.10119664669036865,"y":0.8701391816139221,"z":-0.4385144114494324,"w":0.20080332458019257},"size":147.62078857421876,"orthographic":false}