{"cameraMode":{"drawMode":0,"name":"Shaded","section":"Shading Mode"},"sceneLighting":false,"audioPlay":false,"sceneViewState":{"showFog":true,"showMaterialUpdate":false,"showSkybox":false,"showFlares":true,"showImageEffects":true,"showParticleSystems":true},"in2DMode":false,"pivot":{"x":0.0009002164006233215,"y":0.136601060628891,"z":-0.26375842094421389},"rotation":{"x":-0.06776436418294907,"y":-0.9185121059417725,"z":0.18029148876667024,"w":-0.3454374372959137},"size":0.543591320514679,"orthographic":false}