{"cameraMode":{"drawMode":0,"name":"Shaded","section":"Shading Mode"},"sceneLighting":false,"audioPlay":false,"sceneViewState":{"showFog":true,"showMaterialUpdate":false,"showSkybox":false,"showFlares":true,"showImageEffects":true,"showParticleSystems":true},"in2DMode":false,"pivot":{"x":0.6273357272148132,"y":-3.5173144340515138,"z":1.0275673866271973},"rotation":{"x":0.0697881281375885,"y":0.04337570071220398,"z":-0.003060721792280674,"w":0.9966500997543335},"size":10.771742820739746,"orthographic":false}