{"cameraMode":{"drawMode":0,"name":"Shaded","section":"Shading Mode"},"sceneLighting":false,"audioPlay":false,"sceneViewState":{"showFog":true,"showMaterialUpdate":false,"showSkybox":false,"showFlares":true,"showImageEffects":true,"showParticleSystems":true},"in2DMode":false,"pivot":{"x":4.76837158203125e-7,"y":5.75,"z":0.20000147819519044},"rotation":{"x":0.15599191188812257,"y":0.7610011100769043,"z":-0.19861119985580445,"w":0.5975921154022217},"size":34.83689498901367,"orthographic":false}