{"cameraMode":{"drawMode":0,"name":"Shaded","section":"Shading Mode"},"sceneLighting":false,"audioPlay":false,"sceneViewState":{"showFog":true,"showMaterialUpdate":false,"showSkybox":false,"showFlares":true,"showImageEffects":true,"showParticleSystems":true},"in2DMode":false,"pivot":{"x":0.046028852462768558,"y":5.28024959564209,"z":-0.07354700565338135},"rotation":{"x":-0.08820909261703491,"y":0.68074631690979,"z":-0.08313501626253128,"w":-0.7224375605583191},"size":18.388078689575197,"orthographic":false}