{"cameraMode":{"drawMode":0,"name":"Shaded","section":"Shading Mode"},"sceneLighting":false,"audioPlay":false,"sceneViewState":{"showFog":true,"showMaterialUpdate":false,"showSkybox":false,"showFlares":true,"showImageEffects":true,"showParticleSystems":true},"in2DMode":false,"pivot":{"x":-0.36350536346435549,"y":-0.7846264839172363,"z":0.011154651641845703},"rotation":{"x":-0.19250454008579255,"y":0.5000343918800354,"z":-0.11509495973587036,"w":-0.8364716172218323},"size":30.167247772216798,"orthographic":false}