{"cameraMode":{"drawMode":0,"name":"Shaded","section":"Shading Mode"},"sceneLighting":false,"audioPlay":false,"sceneViewState":{"showFog":true,"showMaterialUpdate":false,"showSkybox":false,"showFlares":true,"showImageEffects":true,"showParticleSystems":true},"in2DMode":false,"pivot":{"x":0.07997703552246094,"y":8.10905647277832,"z":-1.2740421295166016},"rotation":{"x":-0.03228440135717392,"y":-0.9677815437316895,"z":0.16381393373012544,"w":-0.1897766888141632},"size":44.60227584838867,"orthographic":false}