{"cameraMode":{"drawMode":0,"name":"Shaded","section":"Shading Mode"},"sceneLighting":false,"audioPlay":false,"sceneViewState":{"showFog":true,"showMaterialUpdate":false,"showSkybox":false,"showFlares":true,"showImageEffects":true,"showParticleSystems":true},"in2DMode":false,"pivot":{"x":1.0575339794158936,"y":2.587736129760742,"z":-3.5202860832214357},"rotation":{"x":0.15599191188812257,"y":0.7610011100769043,"z":-0.19861119985580445,"w":0.5975921154022217},"size":21.659378051757814,"orthographic":false}