{"cameraMode":{"drawMode":0,"name":"Shaded","section":"Shading Mode"},"sceneLighting":false,"audioPlay":false,"sceneViewState":{"showFog":true,"showMaterialUpdate":false,"showSkybox":false,"showFlares":true,"showImageEffects":true,"showParticleSystems":true},"in2DMode":false,"pivot":{"x":29.402809143066408,"y":11.639986991882325,"z":244.09097290039063},"rotation":{"x":0.009173541329801083,"y":-0.9881464242935181,"z":0.1387472003698349,"w":0.06529286503791809},"size":67.8941879272461,"orthographic":false}