{"cameraMode":{"drawMode":0,"name":"Shaded","section":"Shading Mode"},"sceneLighting":false,"audioPlay":false,"sceneViewState":{"showFog":true,"showMaterialUpdate":false,"showSkybox":false,"showFlares":true,"showImageEffects":true,"showParticleSystems":true},"in2DMode":false,"pivot":{"x":0.071178138256073,"y":0.05333989858627319,"z":0.022837042808532716},"rotation":{"x":-0.07420828193426132,"y":0.8937575221061707,"z":-0.16098925471305848,"w":-0.41206419467926028},"size":2.8191256523132326,"orthographic":false}