{"cameraMode":{"drawMode":0,"name":"Shaded","section":"Shading Mode"},"sceneLighting":false,"audioPlay":false,"sceneViewState":{"showFog":true,"showMaterialUpdate":false,"showSkybox":false,"showFlares":true,"showImageEffects":true,"showParticleSystems":true},"in2DMode":false,"pivot":{"x":-1.7245721817016602,"y":0.35176780819892886,"z":4.596639633178711},"rotation":{"x":0.15599191188812257,"y":0.7610011100769043,"z":-0.19861119985580445,"w":0.5975921154022217},"size":19.388511657714845,"orthographic":false}