{"cameraMode":{"drawMode":0,"name":"Shaded","section":"Shading Mode"},"sceneLighting":false,"audioPlay":false,"sceneViewState":{"showFog":true,"showMaterialUpdate":false,"showSkybox":false,"showFlares":true,"showImageEffects":true,"showParticleSystems":true},"in2DMode":false,"pivot":{"x":-0.03562307357788086,"y":-0.06731587648391724,"z":-0.01847541332244873},"rotation":{"x":-0.07420828193426132,"y":0.8937575221061707,"z":-0.16098925471305848,"w":-0.41206419467926028},"size":4.7942609786987309,"orthographic":false}