{"cameraMode":{"drawMode":0,"name":"Shaded","section":"Shading Mode"},"sceneLighting":true,"audioPlay":false,"sceneViewState":{"showFog":true,"showMaterialUpdate":false,"showSkybox":false,"showFlares":true,"showImageEffects":true,"showParticleSystems":true},"in2DMode":false,"pivot":{"x":3.5644779205322267,"y":-4.17228889465332,"z":11.516901016235352},"rotation":{"x":0.10422038286924362,"y":0.8825267553329468,"z":-0.23198680579662324,"w":0.39592140913009646},"size":73.25899505615235,"orthographic":false}