{"cameraMode":{"drawMode":0,"name":"Shaded","section":"Shading Mode"},"sceneLighting":false,"audioPlay":false,"sceneViewState":{"showFog":true,"showMaterialUpdate":false,"showSkybox":false,"showFlares":true,"showImageEffects":true,"showParticleSystems":true},"in2DMode":false,"pivot":{"x":46.674888610839847,"y":13.172855377197266,"z":107.00890350341797},"rotation":{"x":0.14759431779384614,"y":-0.8024635910987854,"z":0.22182919085025788,"w":0.5339221358299255},"size":94.07157135009766,"orthographic":false}