{"cameraMode":{"drawMode":0,"name":"Shaded","section":"Shading Mode"},"sceneLighting":false,"audioPlay":false,"sceneViewState":{"showFog":true,"showMaterialUpdate":false,"showSkybox":false,"showFlares":true,"showImageEffects":true,"showParticleSystems":true},"in2DMode":false,"pivot":{"x":0.05985152721405029,"y":5.4332709312438969,"z":0.24156081676483155},"rotation":{"x":-0.08790083974599838,"y":0.6557549834251404,"z":-0.07727988064289093,"w":-0.7458635568618774},"size":18.720699310302736,"orthographic":false}