{"cameraMode":{"drawMode":0,"name":"Shaded","section":"Shading Mode"},"sceneLighting":false,"audioPlay":false,"sceneViewState":{"showFog":true,"showMaterialUpdate":false,"showSkybox":true,"showFlares":true,"showImageEffects":true,"showParticleSystems":true},"in2DMode":false,"pivot":{"x":-435.1000061035156,"y":16.789142608642579,"z":358.4459228515625},"rotation":{"x":-0.2568711042404175,"y":0.10387472808361054,"z":-0.02777450904250145,"w":-0.9605352878570557},"size":187.21180725097657,"orthographic":false}